Workbook

Sheet FLOWER_DATA
A1: sepal_length | B1: sepal_width | C1: petal_length | D1: petal_width | E1: species | H1: BASIS | I1: SEPAL LENGTH | J1: SEPAL WIDTH | K1: PETAL LENGTH | L1: PETAL WIDTH
A2: 5.1 | B2: 3.5 | C2: 1.4 | D2: 0.2 | E2: Iris-setosa | H2: MIN | I2: =MIN(A2:A151) -> 4.3 | J2: =MIN(B2:B151) -> 2 | K2: =MIN(C2:C151) -> 1 | L2: =MIN(D2:D151) -> 0.1
A3: 4.9 | B3: 3 | C3: 1.4 | D3: 0.2 | E3: Iris-setosa | H3: MAX | I3: =MAX(FLOWER_DATA!A2:A151) -> 7.9 | J3: =MAX(B2:B151) -> 4.4 | K3: =MAX(C2:C151) -> 6.9 | L3: =MAX(D2:D151) -> 2.5
A4: 4.7 | B4: 3.2 | C4: 1.3 | D4: 0.2 | E4: Iris-setosa | H4: AVG | I4: =AVERAGE(A2:A151) -> 5.8433333 | J4: =AVERAGE(B2:B151) -> 3.0573333 | K4: =AVERAGE(C2:C151) -> 3.758 | L4: =AVERAGE(D2:D151) -> 1.1993333
A5: 4.6 | B5: 3.1 | C5: 1.5 | D5: 0.2 | E5: Iris-setosa | H5: STD.DEV | I5: =STDEV(A2:A151) -> 0.82806613 | J5: =STDEV(B2:B151) -> 0.43586628 | K5: =STDEV(C2:C151) -> 1.7652982 | L5: =STDEV(D2:D151) -> 0.76223767
A6: 5 | B6: 3.6 | C6: 1.4 | D6: 0.2 | E6: Iris-setosa
A7: 5.4 | B7: 3.9 | C7: 1.7 | D7: 0.4 | E7: Iris-setosa | H7: COUNTING SPECIES | I7: TOTAL
A8: 4.6 | B8: 3.4 | C8: 1.4 | D8: 0.3 | E8: Iris-setosa | H8: Iris-setosa | I8: =COUNTIF(E2:E151,"Iris-setosa") -> 50
A9: 5 | B9: 3.4 | C9: 1.5 | D9: 0.2 | E9: Iris-setosa | H9: Iris-versicolor | I9: =COUNTIF(E2:E151,"iris-versicolor") -> 50
A10: 4.4 | B10: 2.9 | C10: 1.4 | D10: 0.2 | E10: Iris-setosa | H10: Iris-virginica | I10: =COUNTIF(E2:E151,"Iris-virginica") -> 50
A11: 4.9 | B11: 3.1 | C11: 1.5 | D11: 0.1 | E11: Iris-setosa | H11: TOTAL | I11: =I8+I9+I10 -> 150
A12: 5.4 | B12: 3.7 | C12: 1.5 | D12: 0.2 | E12: Iris-setosa
A13: 4.8 | B13: 3.4 | C13: 1.6 | D13: 0.2 | E13: Iris-setosa
A14: 4.8 | B14: 3 | C14: 1.4 | D14: 0.1 | E14: Iris-setosa
A15: 4.3 | B15: 3 | C15: 1.1 | D15: 0.1 | E15: Iris-setosa
A16: 5.8 | B16: 4 | C16: 1.2 | D16: 0.2 | E16: Iris-setosa
A17: 5.7 | B17: 4.4 | C17: 1.5 | D17: 0.4 | E17: Iris-setosa
A18: 5.4 | B18: 3.9 | C18: 1.3 | D18: 0.4 | E18: Iris-setosa
A19: 5.1 | B19: 3.5 | C19: 1.4 | D19: 0.3 | E19: Iris-setosa
A20: 5.7 | B20: 3.8 | C20: 1.7 | D20: 0.3 | E20: Iris-setosa
A21: 5.1 | B21: 3.8 | C21: 1.5 | D21: 0.3 | E21: Iris-setosa
A22: 5.4 | B22: 3.4 | C22: 1.7 | D22: 0.2 | E22: Iris-setosa
A23: 5.1 | B23: 3.7 | C23: 1.5 | D23: 0.4 | E23: Iris-setosa
... A151: 5.9 | B151: 3 | C151: 5.1 | D151: 1.8 | E151: Iris-virginica

Sheet Sheet1
A1: basis | B1: MIN | C1: MAX | D1: AVG | E1: STD.DEV
A2: SEPAL LENGTH | B2: =MIN(FLOWER_DATA!A8:A157) -> 4.3 | C2: =MAX(FLOWER_DATA!A2:A151) -> 7.9 | D2: =AVERAGE(FLOWER_DATA!A2:A151) -> 5.8433333 | E2: =STDEV(FLOWER_DATA!A2:A151) -> 0.82806613
A3: SEPAL WIDTH | B3: =MIN(FLOWER_DATA!B2:B151) -> 2 | C3: =MAX(FLOWER_DATA!B2:B151) -> 4.4 | D3: =AVERAGE(FLOWER_DATA!B2:B151) -> 3.0573333 | E3: =STDEV(FLOWER_DATA!B2:B151) -> 0.43586628
A4: PETAL LENGTH | B4: =MIN(FLOWER_DATA!C3:C152) -> 1 | C4: =MAX(FLOWER_DATA!C2:C151) -> 6.9 | D4: =AVERAGE(FLOWER_DATA!C2:C151) -> 3.758 | E4: =STDEV(FLOWER_DATA!C2:C151) -> 1.7652982
A5: PETAL WIDTH | B5: =MIN(FLOWER_DATA!D4:D153) -> 0.1 | C5: =MAX(FLOWER_DATA!D2:D151) -> 2.5 | D5: =AVERAGE(FLOWER_DATA!D2:D151) -> 1.1993333 | E5: =STDEV(FLOWER_DATA!D2:D151) -> 0.76223767

Sheet CONCLUSION
A1: Feature Selection Guide
A2: Feature | B2: Use as Input? | C2: Why? | D2: Importance (1=low, 5=high)
A3: sepal_length | B3: YES | C3: Contributes to distinguishing species | D3: 3
A4: sepal_width | B4: YES | C4: Weak separator alone, useful combined | D4: 2
A5: petal_length | B5: YES | C5: Strongest single predictor — high variance across species | D5: 5
A6: petal_width | B6: YES | C6: Second strongest predictor | D6: 4
A8: HIGHER THE STANDARD DEVIATION CAN MAKE IT EASY TO CALCULATE THE DIFFERNECE AMOND THE FLOWER'S PETAL AND SEPALS
